<?xml version="1.0" encoding="utf-8"?>
<ModMetaData>
<name>Magic Passive Cooler</name>
<author>Squirrel_Gnut</author>
<targetVersion>0.16.0</targetVersion>
<description>A traditional unpowered cooler, that has been infused with the magic of Rimworld. Will not freeze perishables, but will keep items refrigerated. Lasts about 2 years before needing to rebuild.

!!This mod REQUIRES that you have RimMagic and that this mod is located AFTER RimMagic in the load order.

SPECIAL THANKS To @Daniel CB for authorizing use of RimMagic materials to create this item!</description>
</ModMetaData>