<ModMetaData>
  <name>MagicMending</name>
  <author>SquirrelGnut</author>
  <targetVersion>0.16.0</targetVersion>
  <description>Repair the durability of items and recycle unwanted apparel. No Electricity or mending kits required. Only needs a bit of Cursed Blood for fuel. Perfect for Neolithic/Medieval builds. Best of all...IT GLOWS!

REQUIRES: RimMagic mod loaded before this mod to work correctly.

Yes, this is a complete copy/paste of @Charolotte's Mending: Easy mod. No more then 100 lines of code were edited/created for this mod and I did not have to do any of the .dll heavy lifting. I have been given explicit written permission by the original author (@Charlotte)to publish this mod. 99% of the credit goes to Charlotte for creating the original mod. I also have written permission by the author of RimMagic (@Daniel CB) to use materials for fueling the worktables.</description>
</ModMetaData>
