<?xml version="1.0" encoding="utf-8" ?>
<Defs>
    
    <ThingDef Name="BenchBase" ParentName="BuildingBase" Abstract="True">
    <castEdgeShadows>true</castEdgeShadows>
    <staticSunShadowHeight>0.20</staticSunShadowHeight>
        <building>
            <workSpeedPenaltyOutdoors>true</workSpeedPenaltyOutdoors>
            <workSpeedPenaltyTemperature>true</workSpeedPenaltyTemperature>
        </building>
        <comps>
            <li>
                <compClass>CompReportWorkSpeed</compClass>
            </li>
        </comps>
        <placeWorkers>
            <li>PlaceWorker_ReportWorkSpeedPenalties</li>
        </placeWorkers>
    </ThingDef>

  <ThingDef ParentName="BenchBase">
    <DefName>TableMending</DefName>
    <label>mending workbench</label>
    <ThingClass>Building_WorkTable</ThingClass>
    <Description>A workbench equipped with all the tools required to mend and repair damaged items. All you need is a bit of Cursed Blood for power! No mending kits or electricity needed.</Description>
    <graphicData>
      <texPath>Things/Buildings/TableMending</texPath>
      <graphicClass>Graphic_Single</graphicClass>
      <drawSize>(3,1)</drawSize>
      <damageData>
        <cornerTL>Damage/Corner</cornerTL>
        <cornerTR>Damage/Corner</cornerTR>
        <cornerBL>Damage/Corner</cornerBL>
        <cornerBR>Damage/Corner</cornerBR>
      </damageData>
    </graphicData>
    <CostList>
      <Steel>50</Steel>
      <Component>3</Component>
    </CostList>
    <stuffCategories>
      <li>Metallic</li>
      <li>Woody</li>
    </stuffCategories>
    <costStuffCount>75</costStuffCount>
    <AltitudeLayer>Building</AltitudeLayer>
    <fillPercent>0.5</fillPercent>
    <useHitPoints>True</useHitPoints>
    <statBases>
      <WorkToMake>2500</WorkToMake>
      <MaxHitPoints>180</MaxHitPoints>
      <Flammability>1.0</Flammability>
      <Cleanliness>-5</Cleanliness>
    </statBases>
    <Size>(3,1)</Size>
    <DesignationCategory>Production</DesignationCategory>
    <Passability>PassThroughOnly</Passability>
    <pathCost>70</pathCost>
    <hasInteractionCell>True</hasInteractionCell>
    <interactionCellOffset>(0,0,-1)</interactionCellOffset>
    <surfaceType>Item</surfaceType>
     <recipes>
      <li>MendSimpleApparel</li>
      <li>MendComplexApparel</li>
      <li>MendSimpleWeapon</li>
      <li>MendComplexWeapon</li>
      <!--<li>MendProsthetics</li>-->
    </recipes>
    <inspectorTabs>
      <li>ITab_Bills</li>
    </inspectorTabs>
    <building>
      <spawnedConceptLearnOpportunity>BillsTab</spawnedConceptLearnOpportunity>

    </building>
    <comps>
	<li Class="CompProperties_Glower">
        <glowRadius>6</glowRadius>
        <glowColor>(255, 0, 0)</glowColor>
      </li>
      <li Class="CompProperties_Refuelable">
        <fuelConsumptionRate>20.0</fuelConsumptionRate>
        <fuelCapacity>10.0</fuelCapacity>
        <fuelFilter>
          <thingDefs>
            <li>BloodThing</li>
          </thingDefs>
        </fuelFilter>
        <consumeFuelOnlyWhenUsed>true</consumeFuelOnlyWhenUsed>
      </li>

      <li Class="CompProperties_AffectedByFacilities">
        <linkableFacilities>
          <li>ToolCabinet</li>
        </linkableFacilities>
      </li>
      <li Class="CompProperties_Breakdownable"/>
    </comps>
    <designationHotKey>Misc2</designationHotKey>
    <placeWorkers>
      <li>PlaceWorker_ShowFacilitiesConnections</li>
    </placeWorkers>
    <researchPrerequisites>
      <li>Mending</li>
    </researchPrerequisites>
  </ThingDef>
  
  <ThingDef ParentName="BenchBase">
    <DefName>TableRecycle</DefName>
    <label>recycle workbench</label>
    <ThingClass>Building_WorkTable</ThingClass>
    <Description>A workbench equipped with all the tools required to recycle items and recover their components. All you need is a bit of Cursed Blood for power! No mending kits or electricity needed.</Description>
    <graphicData>
      <texPath>Things/Buildings/TableRecycle</texPath>
      <graphicClass>Graphic_Single</graphicClass>
      <drawSize>(3,1)</drawSize>
      <damageData>
        <cornerTL>Damage/Corner</cornerTL>
        <cornerTR>Damage/Corner</cornerTR>
        <cornerBL>Damage/Corner</cornerBL>
        <cornerBR>Damage/Corner</cornerBR>
      </damageData>
    </graphicData>
    <CostList>
      <Steel>50</Steel>
      <Component>3</Component>
    </CostList>
    <stuffCategories>
      <li>Metallic</li>
      <li>Woody</li>
    </stuffCategories>
    <costStuffCount>75</costStuffCount>
    <AltitudeLayer>Building</AltitudeLayer>
    <fillPercent>0.5</fillPercent>
    <useHitPoints>True</useHitPoints>
    <statBases>
      <WorkToMake>2500</WorkToMake>
      <MaxHitPoints>180</MaxHitPoints>
      <Flammability>1.0</Flammability>
      <Cleanliness>-5</Cleanliness>
    </statBases>
    <Size>(3,1)</Size>
    <DesignationCategory>Production</DesignationCategory>
    <Passability>PassThroughOnly</Passability>
    <pathCost>70</pathCost>
    <hasInteractionCell>True</hasInteractionCell>
    <interactionCellOffset>(0,0,-1)</interactionCellOffset>
    <surfaceType>Item</surfaceType>
     <recipes>
      <li>RecycleApparel</li>
    </recipes>
    <inspectorTabs>
      <li>ITab_Bills</li>
    </inspectorTabs>
    <building>
      <spawnedConceptLearnOpportunity>BillsTab</spawnedConceptLearnOpportunity>
      
    </building>
    <comps>
	<li Class="CompProperties_Glower">
        <glowRadius>6</glowRadius>
        <glowColor>(255, 0, 0)</glowColor>
      </li>
      <li Class="CompProperties_Refuelable">
        <fuelConsumptionRate>20.0</fuelConsumptionRate>
        <fuelCapacity>10.0</fuelCapacity>
        <fuelFilter>
          <thingDefs>
            <li>BloodThing</li>
          </thingDefs>
        </fuelFilter>
        <consumeFuelOnlyWhenUsed>true</consumeFuelOnlyWhenUsed>
      </li>

      <li Class="CompProperties_AffectedByFacilities">
        <linkableFacilities>
          <li>ToolCabinet</li>
        </linkableFacilities>
      </li>
      <li Class="CompProperties_Breakdownable"/>
    </comps>
    <designationHotKey>Misc3</designationHotKey>
    <placeWorkers>
      <li>PlaceWorker_ShowFacilitiesConnections</li>
    </placeWorkers>
    <researchPrerequisites>
      <li>ComplexClothing</li>
    </researchPrerequisites>
  </ThingDef>

</Defs>
