﻿<?xml version="1.0" encoding="utf-8" ?>
<WorkGivers>

  <WorkGiverDef>
    <defName>DoBillsMending</defName>
    <label>mend</label>
    <giverClass>Mending.WorkGiver_Mend</giverClass>
    <workType>Crafting</workType>
    <priorityInType>95</priorityInType>
    <fixedBillGiverDefs>
      <li>TableMending</li>
    </fixedBillGiverDefs>
    <verb>mend</verb>
    <gerund>mending</gerund>
     <requiredCapacities>
      <li>Manipulation</li>
    </requiredCapacities>
    <prioritizeSustains>true</prioritizeSustains>
  </WorkGiverDef>

  <WorkGiverDef>
    <defName>DoBillsRecycling</defName>
    <label>recycle</label>
    <giverClass>Mending.WorkGiver_Recycle</giverClass>
    <workType>Crafting</workType>
    <priorityInType>90</priorityInType>
    <fixedBillGiverDefs>
      <li>TableRecycle</li>
    </fixedBillGiverDefs>
    <verb>recycle</verb>
    <gerund>recycling</gerund>
     <requiredCapacities>
      <li>Manipulation</li>
    </requiredCapacities>
    <prioritizeSustains>true</prioritizeSustains>
  </WorkGiverDef>

</WorkGivers>






