<?xml version="1.0" encoding="utf-8" ?>
<Defs>
    <Mending.ChanceDef>
        <defName>Default</defName>
        <match>
            <categories>
                <li>Apparel</li>
                <li>WeaponsMelee</li>
                <li>WeaponsRanged</li>
            </categories>
        </match>
        <chances>
            <awful>0.04</awful>
            <shoddy>0.03</shoddy>
            <poor>0.03</poor>
            <normal>0.03</normal>
            <good>0.03</good>
            <superior>0.02</superior>
            <excellent>0.02</excellent>
            <masterwork>0.01</masterwork>
            <legendary>0</legendary>
        </chances>
    </Mending.ChanceDef>
    
    <Mending.ChanceDef>
        <defName>IndustrialAndBelow</defName>
        <match>
            <categories>
                <li>Apparel</li>
                <li>WeaponsMelee</li>
                <li>WeaponsRanged</li>
            </categories>
        </match>
        <techLevel>
            <min>Undefined</min>
            <max>Industrial</max>
        </techLevel>
        <chances>
            <awful>0.03</awful>
            <shoddy>0.03</shoddy>
            <poor>0.03</poor>
            <normal>0.03</normal>
            <good>0.02</good>
            <superior>0.02</superior>
            <excellent>0.01</excellent>
            <masterwork>0.01</masterwork>
            <legendary>0</legendary>
        </chances>
    </Mending.ChanceDef>
</Defs>
